{"steps": [1, 2, 3, 4, 5, 6, 7, 8, 9, 10, 11, 12, 13, 14, 15, 16, 17, 18, 19, 20, 21, 22, 23, 24, 25, 26, 27, 28, 29, 30, 31, 32, 33, 34, 35, 36, 37, 38, 39, 40, 41, 42, 43, 44, 45, 46, 47, 48, 49, 50, 51], "losses": [0.6931471824645996, 0.6931471824645996, 0.6726967096328735, 0.5901663303375244, 0.3728559613227844, 0.15416094660758972, 0.03870649263262749, 0.007613830268383026, 0.002446667291224003, 0.0006469875806942582, 0.00037532791611738503, 0.00021802174160256982, 0.00013305510219652206, 7.751090015517548e-05, 7.308041676878929e-05, 3.2979820389300585e-05, 2.62869998550741e-05, 3.194280725438148e-05, 2.0260953533579595e-05, 3.089819074375555e-05, 2.8265847504371777e-05, 1.704048008832615e-05, 2.2937227186048403e-05, 1.211620656249579e-05, 1.0335021215723827e-05, 1.0293981176801026e-05, 1.346108729194384e-05, 1.7434809706173837e-05, 1.294463436352089e-05, 9.989530553866643e-06, 1.8969130906043574e-05, 1.4322178685688414e-05, 2.07009470614139e-05, 5.1608585636131465e-06, 9.621026038075797e-06, 1.1778297448472586e-05, 1.3547392882173881e-05, 6.29870828561252e-06, 1.3378544281295035e-05, 1.3422743904811796e-05, 2.112603760906495e-05, 9.926463462761603e-06, 2.069788024527952e-05, 1.5433786757057533e-05, 1.4539769836119376e-05, 9.166186828224454e-06, 1.0870125151996035e-05, 1.3817014405503869e-05, 9.728492841531988e-06, 1.600247560418211e-05, 2.6353440262028016e-05]}